{
  "tag": "vit_base_patch16_224_transfer",
  "model": "vit_base_patch16_224",
  "strategy": "transfer",
  "best_val_auc": 0.9954495659722223,
  "test_metrics": {
    "auc": 0.9949974826388889,
    "accuracy": 0.965,
    "precision": 0.9810344827586207,
    "recall": 0.9483333333333334,
    "f1": 0.964406779661017
  },
  "total_epochs": 17,
  "training_time_min": 1460.2
}