{
  "tag": "resnet50_scratch_gelu_v4",
  "model": "resnet50",
  "strategy": "scratch",
  "best_val_auc": 0.92265703125,
  "test_metrics": {
    "auc": 0.9133017361111111,
    "accuracy": 0.83,
    "precision": 0.8088923556942278,
    "recall": 0.8641666666666666,
    "f1": 0.8356164383561644
  },
  "total_epochs": 79,
  "training_time_min": 1664.3
}