{
  "tag": "resnet50_scratch_gelu_v2",
  "model": "resnet50",
  "strategy": "scratch",
  "best_val_auc": 0.8933822048611112,
  "test_metrics": {
    "auc": 0.882868923611111,
    "accuracy": 0.7808333333333334,
    "precision": 0.8744444444444445,
    "recall": 0.6558333333333334,
    "f1": 0.7495238095238095
  },
  "total_epochs": 23,
  "training_time_min": 503.6
}