{
  "auc": 0.9233750416666666,
  "accuracy": 0.844,
  "precision": 0.8187152563310686,
  "recall": 0.8836666666666667,
  "f1": 0.8499519076627124
}