{
  "resnet50_transfer": {
    "auc": 0.9780011527777777,
    "accuracy": 0.917,
    "precision": 0.8914267834793492,
    "recall": 0.9496666666666667,
    "f1": 0.9196255648805681
  },
  "densenet121_transfer": {
    "auc": 0.9862797777777778,
    "accuracy": 0.9411666666666667,
    "precision": 0.9346469622331691,
    "recall": 0.9486666666666667,
    "f1": 0.9416046319272126
  },
  "vit_base_patch16_224_transfer": {
    "auc": 0.9957842222222222,
    "accuracy": 0.9685833333333334,
    "precision": 0.9801878736122972,
    "recall": 0.9565,
    "f1": 0.9681990721214677
  }
}