{
  "tag": "resnet50_transfer",
  "model": "resnet50",
  "strategy": "transfer",
  "best_val_auc": 0.9755047743055556,
  "test_metrics": {
    "auc": 0.9749108506944444,
    "accuracy": 0.9183333333333333,
    "precision": 0.8968379446640317,
    "recall": 0.9454166666666667,
    "f1": 0.9204868154158214
  },
  "total_epochs": 35,
  "training_time_min": 528.2
}